/*
SQLyog Ultimate v11.11 (64 bit)
MySQL - 5.6.22-log : Database - aimstonal
*********************************************************************
*/

/*!40101 SET NAMES utf8 */;

/*!40101 SET SQL_MODE=''*/;

/*!40014 SET @OLD_UNIQUE_CHECKS=@@UNIQUE_CHECKS, UNIQUE_CHECKS=0 */;
/*!40014 SET @OLD_FOREIGN_KEY_CHECKS=@@FOREIGN_KEY_CHECKS, FOREIGN_KEY_CHECKS=0 */;
/*!40101 SET @OLD_SQL_MODE=@@SQL_MODE, SQL_MODE='NO_AUTO_VALUE_ON_ZERO' */;
/*!40111 SET @OLD_SQL_NOTES=@@SQL_NOTES, SQL_NOTES=0 */;
CREATE DATABASE /*!32312 IF NOT EXISTS*/`aimstonal` /*!40100 DEFAULT CHARACTER SET utf8 */;

USE `aimstonal`;

/*Table structure for table `aims_employees` */

DROP TABLE IF EXISTS `aims_employees`;

CREATE TABLE `aims_employees` (
  `id` int(11) NOT NULL AUTO_INCREMENT,
  `firstname` varchar(25) NOT NULL,
  `lastname` varchar(25) NOT NULL,
  `username` varchar(25) NOT NULL,
  `passwd` varchar(50) NOT NULL,
  `avathar` varchar(100) DEFAULT NULL,
  `addeddate` datetime DEFAULT NULL,
  `active` tinyint(1) DEFAULT NULL,
  PRIMARY KEY (`id`),
  UNIQUE KEY `username` (`username`)
) ENGINE=InnoDB AUTO_INCREMENT=2 DEFAULT CHARSET=utf8;

/*Data for the table `aims_employees` */

insert  into `aims_employees`(`id`,`firstname`,`lastname`,`username`,`passwd`,`avathar`,`addeddate`,`active`) values (1,'Hemanth','Kumar','hemanth','4bb52c85cb51237d8c57d894201a0c2d',NULL,'2016-07-24 22:34:46',1);

/*Table structure for table `aims_questions` */

DROP TABLE IF EXISTS `aims_questions`;

CREATE TABLE `aims_questions` (
  `id` int(11) NOT NULL AUTO_INCREMENT,
  `questioncode` varchar(15) NOT NULL,
  `questionname` varchar(100) DEFAULT NULL,
  `questiondesc` varchar(255) DEFAULT NULL,
  `optionscount` int(2) NOT NULL,
  `optioncolor` varchar(15) NOT NULL DEFAULT 'green',
  `questionlevel` int(2) NOT NULL,
  `audiopath` varchar(255) NOT NULL,
  `audiofilename` varchar(100) NOT NULL,
  `answer` int(2) NOT NULL,
  `active` tinyint(1) DEFAULT '1',
  `addeddate` datetime DEFAULT NULL,
  PRIMARY KEY (`id`),
  UNIQUE KEY `questioncode` (`questioncode`)
) ENGINE=InnoDB AUTO_INCREMENT=13 DEFAULT CHARSET=utf8;

/*Data for the table `aims_questions` */

insert  into `aims_questions`(`id`,`questioncode`,`questionname`,`questiondesc`,`optionscount`,`optioncolor`,`questionlevel`,`audiopath`,`audiofilename`,`answer`,`active`,`addeddate`) values (1,'QUESTION1',NULL,NULL,3,'green',3,'uploads/20160728/row_Item_4.wav','row_Item_4.wav',0,0,'2016-07-27 20:07:23'),(2,'QUESTION2',NULL,NULL,3,'red',3,'uploads/20160728/2.wav','2.wav',2,0,'2016-07-28 17:07:23'),(3,'QUESTIONUPD3',NULL,NULL,3,'blue',3,'uploads/20160731/4.wav','4.wav',1,1,'2016-07-31 07:07:52'),(4,'QUESTION4',NULL,NULL,3,'green',3,'uploads/20160731/5.wav','5.wav',3,1,'2016-07-31 07:07:33'),(5,'QUESTIONUPD45',NULL,NULL,3,'',3,'uploads/20160731/1.wav','1.wav',2,1,'2016-07-31 07:07:18'),(6,'QUESTION66',NULL,NULL,3,'blue',3,'uploads/20160731/3.wav','3.wav',2,1,'2016-07-31 07:07:52'),(7,'QUESTION7',NULL,NULL,4,'green',4,'uploads/20160731/7.wav','7.wav',4,1,'2016-07-31 07:07:57'),(8,'QUESTION8',NULL,NULL,4,'red',4,'uploads/20160731/6.wav','6.wav',3,1,'2016-07-31 08:07:11'),(9,'QUESTION10',NULL,NULL,4,'blue',4,'uploads/20160731/2.wav','2.wav',3,1,'2016-07-31 11:07:26'),(10,'QTS1',NULL,NULL,5,'green',5,'uploads/20160802/20160802184226','5.wav',3,1,'2016-08-02 18:08:26'),(11,'QTS2',NULL,NULL,5,'blue',5,'uploads/20160802/20160802184630.4','20160802184630.4',3,1,'2016-08-02 18:08:30'),(12,'CODE1',NULL,NULL,5,'blue',5,'uploads/20160802/20160802185206.wav','20160802185206.wav',2,1,'2016-08-02 18:08:06');

/*Table structure for table `aims_user_answers` */

DROP TABLE IF EXISTS `aims_user_answers`;

CREATE TABLE `aims_user_answers` (
  `id` int(11) NOT NULL AUTO_INCREMENT,
  `userid` int(11) NOT NULL,
  `questionid` int(11) NOT NULL,
  `optionid` int(11) NOT NULL,
  `addeddate` datetime DEFAULT NULL,
  PRIMARY KEY (`id`),
  KEY `userid` (`userid`),
  KEY `questionid` (`questionid`),
  KEY `optionid` (`optionid`),
  CONSTRAINT `aims_user_answers_ibfk_1` FOREIGN KEY (`userid`) REFERENCES `aims_users` (`id`),
  CONSTRAINT `aims_user_answers_ibfk_2` FOREIGN KEY (`questionid`) REFERENCES `aims_questions` (`id`)
) ENGINE=InnoDB AUTO_INCREMENT=65 DEFAULT CHARSET=utf8;

/*Data for the table `aims_user_answers` */

insert  into `aims_user_answers`(`id`,`userid`,`questionid`,`optionid`,`addeddate`) values (1,21,2,2,'2016-07-31 05:07:55'),(2,21,1,2,'2016-07-31 05:07:46'),(3,21,1,2,'2016-07-31 05:07:43'),(4,21,1,2,'2016-07-31 05:07:07'),(5,21,1,2,'2016-07-31 05:07:04'),(6,21,1,2,'2016-07-31 05:07:36'),(7,21,2,3,'2016-07-31 05:07:33'),(8,21,1,2,'2016-07-31 08:07:07'),(9,21,4,3,'2016-07-31 08:07:38'),(10,21,3,2,'2016-07-31 08:07:59'),(11,21,5,2,'2016-07-31 08:07:52'),(12,21,3,2,'2016-07-31 08:07:32'),(13,21,6,2,'2016-07-31 08:07:12'),(14,21,5,2,'2016-07-31 08:07:05'),(15,21,1,2,'2016-07-31 08:07:26'),(16,21,3,2,'2016-07-31 08:07:06'),(17,21,2,3,'2016-07-31 08:07:03'),(18,21,5,2,'2016-07-31 08:07:56'),(19,21,4,3,'2016-07-31 08:07:27'),(20,21,1,2,'2016-07-31 08:07:49'),(21,21,6,2,'2016-07-31 08:07:39'),(22,21,2,3,'2016-07-31 08:07:36'),(23,21,6,3,'2016-07-31 08:07:52'),(24,21,2,2,'2016-07-31 08:07:49'),(25,21,3,2,'2016-07-31 08:07:03'),(26,21,8,2,'2016-07-31 09:07:13'),(27,21,7,3,'2016-07-31 09:07:48'),(28,22,1,2,'2016-07-31 09:07:09'),(29,22,3,1,'2016-07-31 09:07:30'),(30,22,8,2,'2016-07-31 09:07:55'),(31,22,2,2,'2016-07-31 09:07:06'),(32,22,3,2,'2016-07-31 09:07:28'),(33,22,8,3,'2016-07-31 09:07:12'),(34,22,7,3,'2016-07-31 09:07:46'),(35,22,8,4,'2016-07-31 09:07:54'),(36,23,6,2,'2016-07-31 16:07:29'),(37,24,4,1,'2016-08-02 17:08:28'),(38,24,4,1,'2016-08-02 17:08:31'),(39,24,5,2,'2016-08-02 17:08:14'),(40,24,4,2,'2016-08-02 17:08:50'),(41,24,4,2,'2016-08-02 17:08:24'),(42,24,4,2,'2016-08-02 18:08:41'),(43,24,3,2,'2016-08-02 18:08:02'),(44,24,3,2,'2016-08-02 18:08:06'),(45,24,4,2,'2016-08-02 18:08:34'),(46,24,6,2,'2016-08-02 18:08:19'),(47,24,2,1,'2016-08-02 18:08:11'),(48,24,2,1,'2016-08-02 18:08:13'),(49,24,5,3,'2016-08-02 18:08:59'),(50,24,5,3,'2016-08-02 18:08:59'),(51,26,3,2,'2016-08-06 20:08:33'),(52,26,4,2,'2016-08-06 20:08:55'),(53,26,5,3,'2016-08-06 20:08:07'),(54,26,6,1,'2016-08-06 20:08:38'),(55,26,3,2,'2016-08-06 20:08:12'),(56,26,3,2,'2016-08-06 20:08:06'),(57,26,3,2,'2016-08-06 20:08:07'),(58,26,3,1,'2016-08-06 20:08:13'),(59,26,7,3,'2016-08-06 20:08:19'),(60,26,8,3,'2016-08-06 20:08:38'),(61,26,8,3,'2016-08-06 20:08:38'),(62,26,10,2,'2016-08-06 20:08:55'),(63,26,11,3,'2016-08-06 20:08:10'),(64,26,12,4,'2016-08-06 20:08:29');

/*Table structure for table `aims_users` */

DROP TABLE IF EXISTS `aims_users`;

CREATE TABLE `aims_users` (
  `id` int(11) NOT NULL AUTO_INCREMENT,
  `firstname` varchar(30) NOT NULL,
  `lastname` varchar(30) NOT NULL,
  `age` int(3) NOT NULL,
  `gender` varchar(4) NOT NULL,
  `filenumber` varchar(30) NOT NULL,
  `addeddate` datetime NOT NULL,
  `active` tinyint(1) DEFAULT '1',
  PRIMARY KEY (`id`),
  UNIQUE KEY `filenumber` (`filenumber`)
) ENGINE=InnoDB AUTO_INCREMENT=27 DEFAULT CHARSET=utf8;

/*Data for the table `aims_users` */

insert  into `aims_users`(`id`,`firstname`,`lastname`,`age`,`gender`,`filenumber`,`addeddate`,`active`) values (21,'Hemanth','Kumar',44,'Male','ADFADA','2016-07-31 04:07:55',1),(22,'Kumar','Hemanth',3,'Male','ADFADAA','2016-07-31 09:07:41',1),(23,'Kumar','Hemanth',4,'Male','JHUYN4','2016-07-31 16:07:38',1),(24,'Hemanth','Kumar',4,'Male','45DFADS4DA','2016-08-02 17:08:06',1),(25,'Hemanth','Kumar',44,'Male','HJ-76GS8','2016-08-06 20:08:50',1),(26,'Hemanth','Kumar',5,'Male','JLI-JIUL-DADFSD','2016-08-06 20:08:49',1);

/*Table structure for table `ci_sessions` */

DROP TABLE IF EXISTS `ci_sessions`;

CREATE TABLE `ci_sessions` (
  `id` varchar(40) NOT NULL,
  `ip_address` varchar(45) NOT NULL,
  `timestamp` int(10) unsigned NOT NULL DEFAULT '0',
  `data` blob NOT NULL,
  KEY `ci_sessions_timestamp` (`timestamp`)
) ENGINE=InnoDB DEFAULT CHARSET=utf8;

/*Data for the table `ci_sessions` */

insert  into `ci_sessions`(`id`,`ip_address`,`timestamp`,`data`) values ('3f0c16dba0ce4f792650c16571f33170654c6518','::1',1469723315,'__ci_last_regenerate|i:1469723315;EmployeeID|s:1:\"1\";EmployeeFName|s:7:\"Hemanth\";EmployeeLName|s:5:\"Kumar\";'),('b44b90920de366709b316d7dd25dd68807585e5a','::1',1469723788,'__ci_last_regenerate|i:1469723788;EmployeeID|s:1:\"1\";EmployeeFName|s:7:\"Hemanth\";EmployeeLName|s:5:\"Kumar\";'),('44670783a36728b45631df1c2559a9c1cb1487c4','::1',1469724109,'__ci_last_regenerate|i:1469724109;EmployeeID|s:1:\"1\";EmployeeFName|s:7:\"Hemanth\";EmployeeLName|s:5:\"Kumar\";'),('10d5e1c842adbe132668a722ccb2a1415ada0b3d','::1',1469724503,'__ci_last_regenerate|i:1469724503;EmployeeID|s:1:\"1\";EmployeeFName|s:7:\"Hemanth\";EmployeeLName|s:5:\"Kumar\";'),('ae196a6f2cfe768bbac2954ce1023abf439ce362','::1',1469724886,'__ci_last_regenerate|i:1469724886;EmployeeID|s:1:\"1\";EmployeeFName|s:7:\"Hemanth\";EmployeeLName|s:5:\"Kumar\";'),('ed599e073f976fe459eeb052f93307baa4c004bf','::1',1469725201,'__ci_last_regenerate|i:1469725201;EmployeeID|s:1:\"1\";EmployeeFName|s:7:\"Hemanth\";EmployeeLName|s:5:\"Kumar\";'),('a56f594ea69518694b4f44d79cbea909f5db0a6e','::1',1469725575,'__ci_last_regenerate|i:1469725575;EmployeeID|s:1:\"1\";EmployeeFName|s:7:\"Hemanth\";EmployeeLName|s:5:\"Kumar\";'),('f512717d4675c632b1ef7aeb885b8000b1858123','::1',1469725897,'__ci_last_regenerate|i:1469725897;EmployeeID|s:1:\"1\";EmployeeFName|s:7:\"Hemanth\";EmployeeLName|s:5:\"Kumar\";'),('b21f38f5adbe4fbb4e6c930c6cf4c3a489a93a9f','::1',1469726248,'__ci_last_regenerate|i:1469726248;EmployeeID|s:1:\"1\";EmployeeFName|s:7:\"Hemanth\";EmployeeLName|s:5:\"Kumar\";'),('568d2876f4f462e39989620d3c6a6306066fcea1','::1',1469726585,'__ci_last_regenerate|i:1469726585;EmployeeID|s:1:\"1\";EmployeeFName|s:7:\"Hemanth\";EmployeeLName|s:5:\"Kumar\";'),('6f611c620b7152a40c29a6c54e713db07647d819','::1',1469726891,'__ci_last_regenerate|i:1469726891;EmployeeID|s:1:\"1\";EmployeeFName|s:7:\"Hemanth\";EmployeeLName|s:5:\"Kumar\";'),('1ac730eee155b125b323b6c05c1593ef7462f069','::1',1469727328,'__ci_last_regenerate|i:1469727328;EmployeeID|s:1:\"1\";EmployeeFName|s:7:\"Hemanth\";EmployeeLName|s:5:\"Kumar\";'),('70fb71888d96c8ddfca95de4e3683bf65ffa1fbf','::1',1469727648,'__ci_last_regenerate|i:1469727648;EmployeeID|s:1:\"1\";EmployeeFName|s:7:\"Hemanth\";EmployeeLName|s:5:\"Kumar\";'),('8cee1925440edef67b53750255ea8aad03036281','::1',1469728201,'__ci_last_regenerate|i:1469728201;EmployeeID|s:1:\"1\";EmployeeFName|s:7:\"Hemanth\";EmployeeLName|s:5:\"Kumar\";'),('c868a9c37767956f34c1b6fea03c72dd82703c3c','::1',1469728536,'__ci_last_regenerate|i:1469728536;EmployeeID|s:1:\"1\";EmployeeFName|s:7:\"Hemanth\";EmployeeLName|s:5:\"Kumar\";'),('013c931927de03ab70731bd3e8c740a04488d10d','::1',1469728842,'__ci_last_regenerate|i:1469728842;EmployeeID|s:1:\"1\";EmployeeFName|s:7:\"Hemanth\";EmployeeLName|s:5:\"Kumar\";'),('fb9e220c725c52c43d2f72508ec0c4c5e245b514','::1',1469933875,'__ci_last_regenerate|i:1469933861;UserName|s:7:\"Hemanth\";LastName|s:5:\"Kumar\";Gender|s:4:\"Male\";UserID|i:21;'),('3e38d65dac5d02ac265719aede553e0ddd9f5355','::1',1469934310,'__ci_last_regenerate|i:1469934310;UserName|s:7:\"Hemanth\";LastName|s:5:\"Kumar\";Gender|s:4:\"Male\";UserID|i:21;'),('20a09c37dd42d7f22942abc5becd19ffecf6115b','::1',1469934668,'__ci_last_regenerate|i:1469934668;UserName|s:7:\"Hemanth\";LastName|s:5:\"Kumar\";Gender|s:4:\"Male\";UserID|i:21;'),('b52cf2d0350e54e854b02e3423554dece112f2b4','::1',1469934995,'__ci_last_regenerate|i:1469934995;UserName|s:7:\"Hemanth\";LastName|s:5:\"Kumar\";Gender|s:4:\"Male\";UserID|i:21;'),('7bb0c163ac879d02a54bfe015ffac72bddfec88d','::1',1469935333,'__ci_last_regenerate|i:1469935333;UserName|s:7:\"Hemanth\";LastName|s:5:\"Kumar\";Gender|s:4:\"Male\";UserID|i:21;'),('9a35dcbb3527049a59a51454e3c50f3c758dad07','::1',1469935650,'__ci_last_regenerate|i:1469935650;UserName|s:7:\"Hemanth\";LastName|s:5:\"Kumar\";Gender|s:4:\"Male\";UserID|i:21;'),('fafbdfc5f225f17750e07f5edeb6447fa62de31a','::1',1469935979,'__ci_last_regenerate|i:1469935979;UserName|s:7:\"Hemanth\";LastName|s:5:\"Kumar\";Gender|s:4:\"Male\";UserID|i:21;'),('932953949f5add7102edb7e1c19f5f7c436a5ffd','::1',1469936292,'__ci_last_regenerate|i:1469936292;UserName|s:7:\"Hemanth\";LastName|s:5:\"Kumar\";Gender|s:4:\"Male\";UserID|i:21;'),('2a875891cd97f24c2e4c41e0920e3cf65eeeda5b','::1',1469942208,'__ci_last_regenerate|i:1469942208;UserName|s:7:\"Hemanth\";LastName|s:5:\"Kumar\";Gender|s:4:\"Male\";UserID|i:21;'),('119fba0d44add36b2495d2a4de1df34611f22c3b','::1',1469942602,'__ci_last_regenerate|i:1469942601;UserName|s:7:\"Hemanth\";LastName|s:5:\"Kumar\";Gender|s:4:\"Male\";UserID|i:21;'),('325eac43cedb254892befc4b0a30fe31809c62f7','::1',1469943030,'__ci_last_regenerate|i:1469943030;UserName|s:7:\"Hemanth\";LastName|s:5:\"Kumar\";Gender|s:4:\"Male\";UserID|i:21;'),('2b19a0aa988041d696ef4c4e8d084a6cf0e3cda0','::1',1469943353,'__ci_last_regenerate|i:1469943353;UserName|s:7:\"Hemanth\";LastName|s:5:\"Kumar\";Gender|s:4:\"Male\";UserID|i:21;'),('13a3e519e4db10b994db27c72963c10ad0b067d3','::1',1469943397,'__ci_last_regenerate|i:1469943396;'),('8d6b44ae5716f494ea044d7ab17179c3d0b82130','::1',1469943667,'__ci_last_regenerate|i:1469943667;UserName|s:7:\"Hemanth\";LastName|s:5:\"Kumar\";Gender|s:4:\"Male\";UserID|i:21;'),('1b9b95da0f05fb6250432fa3a9efe51aa7bc934d','::1',1469944396,'__ci_last_regenerate|i:1469944358;UserName|s:7:\"Hemanth\";LastName|s:5:\"Kumar\";Gender|s:4:\"Male\";UserID|i:21;EmployeeID|s:1:\"1\";EmployeeFName|s:7:\"Hemanth\";EmployeeLName|s:5:\"Kumar\";'),('7188d62c2340bd83b6ba96387e9cfb6bb30c3657','::1',1469944698,'__ci_last_regenerate|i:1469944698;UserName|s:7:\"Hemanth\";LastName|s:5:\"Kumar\";Gender|s:4:\"Male\";UserID|i:21;EmployeeID|s:1:\"1\";EmployeeFName|s:7:\"Hemanth\";EmployeeLName|s:5:\"Kumar\";'),('74f2609f131b5ad6e9e8e4376d002d88878d1eb1','::1',1469946059,'__ci_last_regenerate|i:1469946059;UserName|s:7:\"Hemanth\";LastName|s:5:\"Kumar\";Gender|s:4:\"Male\";UserID|i:21;EmployeeID|s:1:\"1\";EmployeeFName|s:7:\"Hemanth\";EmployeeLName|s:5:\"Kumar\";'),('c20db80c1e1fb2fcad3c330063b85d30bcfaf12f','::1',1469946608,'__ci_last_regenerate|i:1469946608;UserName|s:7:\"Hemanth\";LastName|s:5:\"Kumar\";Gender|s:4:\"Male\";UserID|i:21;EmployeeID|s:1:\"1\";EmployeeFName|s:7:\"Hemanth\";EmployeeLName|s:5:\"Kumar\";'),('b026460bdd27dd31d5bbf75ca33376accea69df4','::1',1469947041,'__ci_last_regenerate|i:1469947041;UserName|s:7:\"Hemanth\";LastName|s:5:\"Kumar\";Gender|s:4:\"Male\";UserID|i:21;EmployeeID|s:1:\"1\";EmployeeFName|s:7:\"Hemanth\";EmployeeLName|s:5:\"Kumar\";'),('abc0e9a58cdd8be5848fe809a9173202f1c6df70','::1',1469947450,'__ci_last_regenerate|i:1469947450;UserName|s:7:\"Hemanth\";LastName|s:5:\"Kumar\";Gender|s:4:\"Male\";UserID|i:21;EmployeeID|s:1:\"1\";EmployeeFName|s:7:\"Hemanth\";EmployeeLName|s:5:\"Kumar\";'),('ec10a4eb00108daa7cf50ed37b024d6cdc37eaec','::1',1469947760,'__ci_last_regenerate|i:1469947760;UserName|s:7:\"Hemanth\";LastName|s:5:\"Kumar\";Gender|s:4:\"Male\";UserID|i:21;EmployeeID|s:1:\"1\";EmployeeFName|s:7:\"Hemanth\";EmployeeLName|s:5:\"Kumar\";'),('1d80c52916927cc3a7444d2df62caae3c80bf4eb','::1',1469948103,'__ci_last_regenerate|i:1469948103;UserName|s:7:\"Hemanth\";LastName|s:5:\"Kumar\";Gender|s:4:\"Male\";UserID|i:21;EmployeeID|s:1:\"1\";EmployeeFName|s:7:\"Hemanth\";EmployeeLName|s:5:\"Kumar\";'),('33447dd33f00fe7d721f464db7985069c7809ce4','::1',1469948406,'__ci_last_regenerate|i:1469948406;UserName|s:7:\"Hemanth\";LastName|s:5:\"Kumar\";Gender|s:4:\"Male\";UserID|i:21;EmployeeID|s:1:\"1\";EmployeeFName|s:7:\"Hemanth\";EmployeeLName|s:5:\"Kumar\";'),('7ebedb3cf86fa403e4801b93d6f9690492288fc3','::1',1469948898,'__ci_last_regenerate|i:1469948898;UserName|s:7:\"Hemanth\";LastName|s:5:\"Kumar\";Gender|s:4:\"Male\";UserID|i:21;EmployeeID|s:1:\"1\";EmployeeFName|s:7:\"Hemanth\";EmployeeLName|s:5:\"Kumar\";'),('85a80c41eea3e5ba0e7c8021742d1f9a616b2f19','::1',1469949876,'__ci_last_regenerate|i:1469949876;UserName|s:7:\"Hemanth\";LastName|s:5:\"Kumar\";Gender|s:4:\"Male\";UserID|i:21;EmployeeID|s:1:\"1\";EmployeeFName|s:7:\"Hemanth\";EmployeeLName|s:5:\"Kumar\";'),('a752d8a02e7be5009973d3f9579a211da0e35eac','::1',1469950506,'__ci_last_regenerate|i:1469950506;UserName|s:7:\"Hemanth\";LastName|s:5:\"Kumar\";Gender|s:4:\"Male\";UserID|i:21;EmployeeID|s:1:\"1\";EmployeeFName|s:7:\"Hemanth\";EmployeeLName|s:5:\"Kumar\";'),('37ecb06e231d60ec2bb7d34e38fba95fd7130a49','::1',1469950961,'__ci_last_regenerate|i:1469950837;UserName|s:5:\"Kumar\";LastName|s:7:\"Hemanth\";Gender|s:4:\"Male\";UserID|i:22;'),('2987caef9633846c711b01cb0b802682767e2bfa','::1',1469951155,'__ci_last_regenerate|i:1469951155;UserName|s:5:\"Kumar\";LastName|s:7:\"Hemanth\";Gender|s:4:\"Male\";UserID|i:22;'),('6ac788e2435ba7cf12d7366407cf9f40a7202d9f','::1',1469951505,'__ci_last_regenerate|i:1469951505;UserName|s:5:\"Kumar\";LastName|s:7:\"Hemanth\";Gender|s:4:\"Male\";UserID|i:22;'),('2b7eed753f22889f6c7730f3be8c9a632bfdf02c','::1',1469956003,'__ci_last_regenerate|i:1469956003;UserName|s:7:\"Hemanth\";LastName|s:5:\"Kumar\";Gender|s:4:\"Male\";UserID|i:21;EmployeeID|s:1:\"1\";EmployeeFName|s:7:\"Hemanth\";EmployeeLName|s:5:\"Kumar\";'),('62c0a4e49f55c437e5a572717e31022387796f84','::1',1469956503,'__ci_last_regenerate|i:1469956503;UserName|s:7:\"Hemanth\";LastName|s:5:\"Kumar\";Gender|s:4:\"Male\";UserID|i:21;EmployeeID|s:1:\"1\";EmployeeFName|s:7:\"Hemanth\";EmployeeLName|s:5:\"Kumar\";'),('a0db6487accd31acd3823accd7b8f75b1178b0e4','::1',1469956714,'__ci_last_regenerate|i:1469956695;UserName|s:5:\"Kumar\";LastName|s:7:\"Hemanth\";Gender|s:4:\"Male\";UserID|i:22;EmployeeID|s:1:\"1\";EmployeeFName|s:7:\"Hemanth\";EmployeeLName|s:5:\"Kumar\";'),('f9306bbacf7bef250bcadfd7e947b6c77e96e541','::1',1469956981,'__ci_last_regenerate|i:1469956981;UserName|s:7:\"Hemanth\";LastName|s:5:\"Kumar\";Gender|s:4:\"Male\";UserID|i:21;EmployeeID|s:1:\"1\";EmployeeFName|s:7:\"Hemanth\";EmployeeLName|s:5:\"Kumar\";'),('581683dd3337a24061487b648565bcb417ad699e','::1',1469957740,'__ci_last_regenerate|i:1469957740;UserName|s:5:\"Kumar\";LastName|s:7:\"Hemanth\";Gender|s:4:\"Male\";UserID|i:22;EmployeeID|s:1:\"1\";EmployeeFName|s:7:\"Hemanth\";EmployeeLName|s:5:\"Kumar\";'),('9a5fe3bae466ae434c2f315ddb243f41c7e33a6a','::1',1469958047,'__ci_last_regenerate|i:1469958047;UserName|s:5:\"Kumar\";LastName|s:7:\"Hemanth\";Gender|s:4:\"Male\";UserID|i:22;EmployeeID|s:1:\"1\";EmployeeFName|s:7:\"Hemanth\";EmployeeLName|s:5:\"Kumar\";'),('57244db381ba86f190d522a2db5a13323bfb4a9c','::1',1469976038,'__ci_last_regenerate|i:1469976021;UserName|s:5:\"Kumar\";LastName|s:7:\"Hemanth\";Gender|s:4:\"Male\";UserID|i:23;'),('1cf203bbff8717c52885d64adf0a9639b8f8967f','::1',1469977039,'__ci_last_regenerate|i:1469977039;UserName|s:5:\"Kumar\";LastName|s:7:\"Hemanth\";Gender|s:4:\"Male\";UserID|i:23;'),('240a1ffdc419a9d5e179c42219916a1d485b8dfb','::1',1470151686,'__ci_last_regenerate|i:1470151665;UserName|s:7:\"Hemanth\";LastName|s:5:\"Kumar\";Gender|s:4:\"Male\";UserID|i:24;'),('8f89e07892bea1897c45b328f8d0fdf9d4adeabe','::1',1470152097,'__ci_last_regenerate|i:1470152097;UserName|s:7:\"Hemanth\";LastName|s:5:\"Kumar\";Gender|s:4:\"Male\";UserID|i:24;'),('4265aae9f8a62350bb466aee76b885729b4218a5','::1',1470152604,'__ci_last_regenerate|i:1470152604;UserName|s:7:\"Hemanth\";LastName|s:5:\"Kumar\";Gender|s:4:\"Male\";UserID|i:24;'),('829755057606647e3129e450465d03bbe787f66e','::1',1470153052,'__ci_last_regenerate|i:1470153052;UserName|s:7:\"Hemanth\";LastName|s:5:\"Kumar\";Gender|s:4:\"Male\";UserID|i:24;'),('b1c20e5f26f1239bcdd721ff31358bba9663c468','::1',1470153355,'__ci_last_regenerate|i:1470153354;UserName|s:7:\"Hemanth\";LastName|s:5:\"Kumar\";Gender|s:4:\"Male\";UserID|i:24;'),('51b8c3eabe5b41b794c579a3bfb26b39e70a1906','::1',1470154093,'__ci_last_regenerate|i:1470154093;UserName|s:7:\"Hemanth\";LastName|s:5:\"Kumar\";Gender|s:4:\"Male\";UserID|i:24;'),('9c5c17df56a72330facf22bc67745d11e9bd5fac','::1',1470154541,'__ci_last_regenerate|i:1470154541;UserName|s:7:\"Hemanth\";LastName|s:5:\"Kumar\";Gender|s:4:\"Male\";UserID|i:24;'),('2d88fea66da323dbb467dcfc08d472048feb8580','::1',1470156090,'__ci_last_regenerate|i:1470156081;UserName|s:7:\"Hemanth\";LastName|s:5:\"Kumar\";Gender|s:4:\"Male\";UserID|i:24;EmployeeID|s:1:\"1\";EmployeeFName|s:7:\"Hemanth\";EmployeeLName|s:5:\"Kumar\";'),('01a6c29bac6afb812ee7dfb72c837bdb27c73a4d','::1',1470156613,'__ci_last_regenerate|i:1470156390;UserName|s:7:\"Hemanth\";LastName|s:5:\"Kumar\";Gender|s:4:\"Male\";UserID|i:24;EmployeeID|s:1:\"1\";EmployeeFName|s:7:\"Hemanth\";EmployeeLName|s:5:\"Kumar\";Errors|a:1:{i:0;s:50:\"Unable to upload question. Please try again later.\";}__ci_vars|a:1:{s:6:\"Errors\";s:3:\"old\";}'),('1576a6ab89ff4af75ce69f2f0f1c3dc110191665','::1',1470156726,'__ci_last_regenerate|i:1470156726;UserName|s:7:\"Hemanth\";LastName|s:5:\"Kumar\";Gender|s:4:\"Male\";UserID|i:24;EmployeeID|s:1:\"1\";EmployeeFName|s:7:\"Hemanth\";EmployeeLName|s:5:\"Kumar\";'),('676e6cb9eb5262cb007aa86a3f83d621ea8d1af5','::1',1470195126,''),('736ef156160fda2f5c75a8430e49a110e7e59563','::1',1470243193,'__ci_last_regenerate|i:1470243175;EmployeeID|s:1:\"1\";EmployeeFName|s:7:\"Hemanth\";EmployeeLName|s:5:\"Kumar\";'),('e5b50f9765f71ef0438d8a222e5ccac638811458','::1',1470244792,'__ci_last_regenerate|i:1470244792;EmployeeID|s:1:\"1\";EmployeeFName|s:7:\"Hemanth\";EmployeeLName|s:5:\"Kumar\";'),('da8274a551ec219da331c079658ab0f922565057','::1',1470245165,'__ci_last_regenerate|i:1470245165;EmployeeID|s:1:\"1\";EmployeeFName|s:7:\"Hemanth\";EmployeeLName|s:5:\"Kumar\";'),('cf3be557d800c41a408548d1c03a158ffec7733f','::1',1470245521,'__ci_last_regenerate|i:1470245521;EmployeeID|s:1:\"1\";EmployeeFName|s:7:\"Hemanth\";EmployeeLName|s:5:\"Kumar\";'),('2c54decae220b3bc5db300c07b0d99dd8fa4af1b','::1',1470246450,'__ci_last_regenerate|i:1470246450;EmployeeID|s:1:\"1\";EmployeeFName|s:7:\"Hemanth\";EmployeeLName|s:5:\"Kumar\";'),('ea3c387ea094e9c756cf51904afde20e9b061eea','::1',1470246966,'__ci_last_regenerate|i:1470246966;EmployeeID|s:1:\"1\";EmployeeFName|s:7:\"Hemanth\";EmployeeLName|s:5:\"Kumar\";'),('3b95eb181db82561853e8a6e659633dd31adb092','::1',1470247315,'__ci_last_regenerate|i:1470247315;EmployeeID|s:1:\"1\";EmployeeFName|s:7:\"Hemanth\";EmployeeLName|s:5:\"Kumar\";'),('8771aa4f17b3880248ad7e61baf2c7c22d270818','::1',1470247677,'__ci_last_regenerate|i:1470247677;EmployeeID|s:1:\"1\";EmployeeFName|s:7:\"Hemanth\";EmployeeLName|s:5:\"Kumar\";'),('b231be98bce5ba909f4756548068a9c20e917d57','::1',1470409313,'__ci_last_regenerate|i:1470409288;EmployeeID|s:1:\"1\";EmployeeFName|s:7:\"Hemanth\";EmployeeLName|s:5:\"Kumar\";'),('fdc7d80e5c197bfbf8bcf64096b376a6020fbc7a','::1',1470410093,'__ci_last_regenerate|i:1470410029;EmployeeID|s:1:\"1\";EmployeeFName|s:7:\"Hemanth\";EmployeeLName|s:5:\"Kumar\";Errors|a:1:{i:0;s:50:\"Unable to upload question. Please try again later.\";}__ci_vars|a:1:{s:6:\"Errors\";s:3:\"new\";}'),('f1ba92208fb9eb90811fc673cf7efb778ecfb790','::1',1470410448,'__ci_last_regenerate|i:1470410425;EmployeeID|s:1:\"1\";EmployeeFName|s:7:\"Hemanth\";EmployeeLName|s:5:\"Kumar\";'),('66ac127e5d7347979b23c9a9818cac36878fedd1','::1',1470410804,'__ci_last_regenerate|i:1470410804;EmployeeID|s:1:\"1\";EmployeeFName|s:7:\"Hemanth\";EmployeeLName|s:5:\"Kumar\";'),('54ca7ca236a51b052f88536a567dd6cd0773e2b9','::1',1470411164,'__ci_last_regenerate|i:1470411164;EmployeeID|s:1:\"1\";EmployeeFName|s:7:\"Hemanth\";EmployeeLName|s:5:\"Kumar\";'),('a72655c94661bf25b2bdcf7e8cc2d474951f33f4','::1',1470411598,'__ci_last_regenerate|i:1470411598;EmployeeID|s:1:\"1\";EmployeeFName|s:7:\"Hemanth\";EmployeeLName|s:5:\"Kumar\";'),('603f7f203f7cd63de753fa11b2653fa49671097e','::1',1470412124,'__ci_last_regenerate|i:1470411944;EmployeeID|s:1:\"1\";EmployeeFName|s:7:\"Hemanth\";EmployeeLName|s:5:\"Kumar\";'),('6741b5b3986b2c7bc951df0d265146e7810e63f0','::1',1470412248,'__ci_last_regenerate|i:1470412247;EmployeeID|s:1:\"1\";EmployeeFName|s:7:\"Hemanth\";EmployeeLName|s:5:\"Kumar\";'),('bf4e734d685d38f9d49da192ac146be41f451bb9','::1',1470491799,'__ci_last_regenerate|i:1470491784;EmployeeID|s:1:\"1\";EmployeeFName|s:7:\"Hemanth\";EmployeeLName|s:5:\"Kumar\";'),('4d69c832a9a09585c296c0a717f566fc7db4b6f4','::1',1470492228,'__ci_last_regenerate|i:1470492228;EmployeeID|s:1:\"1\";EmployeeFName|s:7:\"Hemanth\";EmployeeLName|s:5:\"Kumar\";'),('6c42436c3cb437edf37628c12826d53544d15a17','::1',1470492987,'__ci_last_regenerate|i:1470492987;EmployeeID|s:1:\"1\";EmployeeFName|s:7:\"Hemanth\";EmployeeLName|s:5:\"Kumar\";'),('6a19cf120340d5ee40467486691e886e7f8cc4ca','::1',1470494199,'__ci_last_regenerate|i:1470494199;EmployeeID|s:1:\"1\";EmployeeFName|s:7:\"Hemanth\";EmployeeLName|s:5:\"Kumar\";UserID|i:21;'),('c35de1d1f7a5e0453ce2a409cabbf3b66f53f8c9','::1',1470495586,'__ci_last_regenerate|i:1470495586;EmployeeID|s:1:\"1\";EmployeeFName|s:7:\"Hemanth\";EmployeeLName|s:5:\"Kumar\";UserID|i:21;'),('9df9ca8c0ddb5ae189d3aefd530db625606c0293','::1',1470495686,'__ci_last_regenerate|i:1470495686;'),('d2d7c18616f7e05668162507adfc2f738e0513b6','::1',1470500863,'__ci_last_regenerate|i:1470500863;EmployeeID|s:1:\"1\";EmployeeFName|s:7:\"Hemanth\";EmployeeLName|s:5:\"Kumar\";UserID|i:21;'),('63241018a9a6c98a8153dd1323a49c598b4bd82e','::1',1470502345,'__ci_last_regenerate|i:1470502345;EmployeeID|s:1:\"1\";EmployeeFName|s:7:\"Hemanth\";EmployeeLName|s:5:\"Kumar\";UserID|i:21;'),('942cd36b3a2ea292ab391fd91bb7810745779c7d','::1',1470502658,'__ci_last_regenerate|i:1470502657;EmployeeID|s:1:\"1\";EmployeeFName|s:7:\"Hemanth\";EmployeeLName|s:5:\"Kumar\";UserID|i:21;'),('967b84fe1a04eaaf35a13bf45cf8413bc05d7856','::1',1470505846,'__ci_last_regenerate|i:1470505845;EmployeeID|s:1:\"1\";EmployeeFName|s:7:\"Hemanth\";EmployeeLName|s:5:\"Kumar\";UserID|i:21;'),('77db4995954a837178e220dd4729ed74ee3734b6','::1',1470506921,'__ci_last_regenerate|i:1470506378;EmployeeID|s:1:\"1\";EmployeeFName|s:7:\"Hemanth\";EmployeeLName|s:5:\"Kumar\";'),('2f944b31af393a49fca2a1a12d3f83a55b788eb8','::1',1470507133,'__ci_last_regenerate|i:1470507060;EmployeeID|s:1:\"1\";EmployeeFName|s:7:\"Hemanth\";EmployeeLName|s:5:\"Kumar\";UserName|s:7:\"Hemanth\";LastName|s:5:\"Kumar\";Gender|s:4:\"Male\";'),('f68886c797d02fc17ba7f62be1195a163f6dbd23','::1',1470508369,'__ci_last_regenerate|i:1470508350;UserName|s:7:\"Hemanth\";LastName|s:5:\"Kumar\";Gender|s:4:\"Male\";UserID|i:26;'),('5d05e487b216c704f92179a6713d04d9f1a6bef2','::1',1470508834,'__ci_last_regenerate|i:1470508667;UserName|s:7:\"Hemanth\";LastName|s:5:\"Kumar\";Gender|s:4:\"Male\";');

/*!40101 SET SQL_MODE=@OLD_SQL_MODE */;
/*!40014 SET FOREIGN_KEY_CHECKS=@OLD_FOREIGN_KEY_CHECKS */;
/*!40014 SET UNIQUE_CHECKS=@OLD_UNIQUE_CHECKS */;
/*!40111 SET SQL_NOTES=@OLD_SQL_NOTES */;
